footnote_number,oas_cahps_footnotes
1,"Very few patients completed the survey. The scores shown, if any, reflect a very small number of surveys and they do not accurately tell how a facility is doing."
2,Survey results are based on less than 12 months of data.
3,"Fewer than 100 patients completed the survey. Use the scores shown, if any, with caution as the number of surveys may be too low to accurately tell how a facility is doing."
4,No survey results are available for this reporting period.
5,There were problems with the data and they are being corrected.
