measure_id,measure_description,national_rate,better,no_different,worse,too_small,start_date,end_date
PCH-30,Admissions for Patients Receiving Outpatient Chemotherapy,13.2,1,8,2,0,07/01/2022,06/30/2023
PCH-31,Emergency Department (ED) Visits for Patients Receiving Outpatient Chemotherapy,5.4,1,9,1,0,07/01/2022,06/30/2023
PCH-36,30-Day Unplanned Readmission for Cancer Patients,20.2,1,10,0,0,10/01/2022,09/30/2023
PCH-37,Surgical treatment complications for localized prostate cancer,49.5,Not Applicable,Not Applicable,Not Applicable,Not Applicable,07/01/2021,06/30/2022
