facility_id,facility_name,address,citytown,state,zip_code,countyparish,telephone_number,hospital_type,hospital_ownership,emergency_services,hospital_overall_rating,hospital_overall_rating_footnote
01014F,BIRMINGHAM VA MEDICAL CENTER,700 SOUTH 19TH STREET,BIRMINGHAM,AL,35233,JEFFERSON,(205) 933-4515,Acute Care - Veterans Administration,Veterans Health Administration,Yes,3,
01019F,VA CENTRAL ALABAMA HEALTHCARE SYSTEM - MONTGOMERY,215 PERRY HILL ROAD,MONTGOMERY,AL,36109,MONTGOMERY,(334) 260-4100,Acute Care - Veterans Administration,Veterans Health Administration,Yes,5,
01021F,TUSCALOOSA VA MEDICAL CENTER,3701 LOOP ROAD EAST,TUSCALOOSA,AL,35404,TUSCALOOSA,(205) 554-2000,Acute Care - Veterans Administration,Veterans Health Administration,No,Not Available,16.0
03012F,PHOENIX VA MEDICAL CENTER,650 E. INDIAN SCHOOL ROAD,PHOENIX,AZ,85012,MARICOPA,(602) 222-6444,Acute Care - Veterans Administration,Veterans Health Administration,Yes,4,
03013F,VA S. ARIZONA HEALTHCARE SYSTEM,3601 SOUTH SIXTH AVENUE,TUCSON,AZ,85723,PIMA,(520) 629-1821,Acute Care - Veterans Administration,Veterans Health Administration,Yes,1,
03033F,VA NORTHERN ARIZONA HEALTHCARE SYSTEM,500 HIGHWAY 89 NORTH,PRESCOTT,AZ,86313,YAVAPAI,(928) 445-4860,Acute Care - Veterans Administration,Veterans Health Administration,Yes,5,
04009F,FAYETTEVILLE AR VA MEDICAL CENTER,1100 N. COLLEGE AVENUE,FAYETTEVILLE,AR,72703,WASHINGTON,(479) 444-5058,Acute Care - Veterans Administration,Veterans Health Administration,Yes,5,
04010F,VA CENTRAL AR. VETERANS HEALTHCARE SYSTEM LR,4300 WEST SEVENTH STREET,LITTLE ROCK,AR,72205,PULASKI,(501) 257-1000,Acute Care - Veterans Administration,Veterans Health Administration,Yes,2,
05025F,FRESNO VA MEDICAL CENTER (VA CENTRAL CALIFORNIA HEALTHCARE SYSTEM),2615 E. CLINTON AVENUE,FRESNO,CA,93703,FRESNO,(559) 228-5338,Acute Care - Veterans Administration,Veterans Health Administration,Yes,3,
05027F,VA LONG BEACH HEALTHCARE SYSTEM,5901 E. SEVENTH STREET,LONG BEACH,CA,90822,LOS ANGELES,(562) 826-8000,Acute Care - Veterans Administration,Veterans Health Administration,Yes,3,
05030F,VA N CALIFORNIA HEALTHCARE SYSTEM,10535 HOSPITAL WAY,MATHER,CA,95655,SACRAMENTO,(800) 382-8387,Acute Care - Veterans Administration,Veterans Health Administration,Yes,5,
05031F,PALO ALTO VA MEDICAL CENTER,3801 MIRANDA AVENUE,PALO ALTO,CA,94304,SANTA CLARA,(650) 858-3939,Acute Care - Veterans Administration,Veterans Health Administration,Yes,5,
05114F,VA SAN DIEGO HEALTHCARE SYSTEM,3350 LA JOLLA VILLAGE DRIVE,SAN DIEGO,CA,92161,SAN DIEGO,(858) 552-8585,Acute Care - Veterans Administration,Veterans Health Administration,Yes,5,
05127F,LOMA LINDA VA MEDICAL CENTER,11201 BENTON STREET,LOMA LINDA,CA,92357,SAN BERNARDINO,(909) 825-7084,Acute Care - Veterans Administration,Veterans Health Administration,Yes,3,
05128F,VA GREATER LOS ANGELES HEALTHCARE SYSTEM,11301 WILSHIRE BLVD.,LOS ANGELES,CA,90073,LOS ANGELES,(310) 478-3711,Acute Care - Veterans Administration,Veterans Health Administration,Yes,3,
05130F,SAN FRANCISCO VA MEDICAL CENTER,4150 CLEMENT STREET,SAN FRANCISCO,CA,94121,SAN FRANCISCO,(415) 221-4810,Acute Care - Veterans Administration,Veterans Health Administration,Yes,3,
06005F,VA EASTERN COLORADO HEALTHCARE SYSTEM,1700 NORTH WHEELING STREET,AURORA,CO,80045,ADAMS,(303) 399-8020,Acute Care - Veterans Administration,Veterans Health Administration,Yes,4,
06007F,GRAND JUNCTION VA MEDICAL CENTER,2121 N. AVENUE,GRAND JUNCTION,CO,81501,MESA,(970) 244-1329,Acute Care - Veterans Administration,Veterans Health Administration,Yes,5,
07003F,WEST HAVEN VA MEDICAL CENTER,950 CAMPBELL AVENUE,WEST HAVEN,CT,6516,NEW HAVEN,(203) 932-5711,Acute Care - Veterans Administration,Veterans Health Administration,Yes,3,
08002F,WILMINGTON VA MEDICAL CENTER,1601 KIRKWOOD HIGHWAY,WILMINGTON,DE,19805,NEW CASTLE,(302) 994-2511,Acute Care - Veterans Administration,Veterans Health Administration,Yes,4,
09002F,WASHINGTON DC VA MEDICAL CENTER,50 IRVING STREET N.W.,WASHINGTON,DC,20422,THE DISTRICT,(202) 745-8000,Acute Care - Veterans Administration,Veterans Health Administration,Yes,3,
10009F,BAY PINES VA MEDICAL CENTER,10000 BAY PINES BLVD.,BAY PINES,FL,33744,PINELLAS,(727) 398-6661,Acute Care - Veterans Administration,Veterans Health Administration,Yes,1,
10015F,VA NORTH FLORIDA/SOUTH GEORGIA HEALTHCARE SYSTEM - LAKE CITY,619 SOUTH MARION AVENUE,LAKE CITY,FL,32025,COLUMBIA,(386) 755-3016,Acute Care - Veterans Administration,Veterans Health Administration,Yes,Not Available,16.0
10057F,VA NORTH FLORIDA/SOUTH GEORGIA HEALTHCARE SYSTEM - GAINESVILLE,1601 S W ARCHER ROAD,GAINESVILLE,FL,32608,ALACHUA,(352) 376-1611,Acute Care - Veterans Administration,Veterans Health Administration,Yes,2,
10063F,TAMPA VA MEDICAL CENTER,13000 BRUCE B DOWNS BLVD.,TAMPA,FL,33612,HILLSBOROUGH,(813) 972-2000,Acute Care - Veterans Administration,Veterans Health Administration,Yes,4,
10064F,MIAMI VA MEDICAL CENTER,1201 N W 16TH STREET,MIAMI,FL,33125,MIAMI-DADE,(305) 324-4455,Acute Care - Veterans Administration,Veterans Health Administration,Yes,3,
10065F,W PALM BEACH VA MEDICAL CENTER,7305 N. MILITARY TRAIL,WEST PALM BEACH,FL,33410,PALM BEACH,(561) 422-8600,Acute Care - Veterans Administration,Veterans Health Administration,Yes,1,
10099F,ORLANDO VA MEDICAL CENTER,13800 VETERANS WAY,ORLANDO,FL,32827,ORANGE,(407) 631-1000,Acute Care - Veterans Administration,Veterans Health Administration,Yes,5,
11029F,DECATUR (ATLANTA) VA MEDICAL CENTER,1670 CLAIRMONT ROAD,DECATUR,GA,30033,DE KALB,(404) 321-6111,Acute Care - Veterans Administration,Veterans Health Administration,Yes,2,
11030F,AUGUSTA VA MEDICAL CENTER,1 FREEDOM WAY,AUGUSTA,GA,30904,RICHMOND,(706) 823-2201,Acute Care - Veterans Administration,Veterans Health Administration,Yes,2,
11031F,DUBLIN VA MEDICAL CENTER,1826 VETERANS BOULEVARD,DUBLIN,GA,31021,LAURENS,(478) 277-2701,Acute Care - Veterans Administration,Veterans Health Administration,Yes,Not Available,16.0
13003F,BOISE VA MEDICAL CENTER,500 W. FORT STREET,BOISE,ID,83702,ADA,(208) 422-1000,Acute Care - Veterans Administration,Veterans Health Administration,Yes,5,
14003F,JESSE BROWN VA MEDICAL CENTER - VA CHICAGO HEALTHCARE SYSTEM,820 S DAMEN STREET,CHICAGO,IL,60612,COOK,(312) 569-8387,Acute Care - Veterans Administration,Veterans Health Administration,Yes,4,
14004F,VA ILLIANA HEALTHCARE SYSTEM - DANVILLE,1900 E. MAIN,DANVILLE,IL,61832,VERMILION,(217) 554-3000,Acute Care - Veterans Administration,Veterans Health Administration,No,Not Available,16.0
14007F,HINES VA MEDICAL CENTER,5000 SOUTH 5TH AVENUE,HINES,IL,60141,COOK,(708) 202-8387,Acute Care - Veterans Administration,Veterans Health Administration,Yes,2,
14008F,MARION IL VA MEDICAL CENTER,2401 WEST MAIN,MARION,IL,62959,WILLIAMSON,(618) 997-5311,Acute Care - Veterans Administration,Veterans Health Administration,Yes,3,
14034F,NORTH CHICAGO VA MEDICAL CENTER,3001 GREENBAY ROAD,NORTH CHICAGO,IL,60064,LAKE,(847) 688-1900,Acute Care - Veterans Administration,Veterans Health Administration,Yes,3,
15003F,INDIANAPOLIS VA MEDICAL CENTER,1481 W. TENTH STREET,INDIANAPOLIS,IN,46202,MARION,(317) 554-0000,Acute Care - Veterans Administration,Veterans Health Administration,Yes,5,
15004F,VA N. INDIANA HEALTHCARE SYSTEM,1700 E. 38TH STREET,MARION,IN,46953,GRANT,(765) 674-3321,Acute Care - Veterans Administration,Veterans Health Administration,Yes,Not Available,16.0
16003F,VA CENTRAL IOWA HEALTHCARE SYSTEM,3600 30TH STREET,DES MOINES,IA,50310,POLK,(515) 699-5999,Acute Care - Veterans Administration,Veterans Health Administration,Yes,5,
16004F,IOWA CITY VA MEDICAL CENTER,601 HIGHWAY 6 WEST,IOWA CITY,IA,52246,JOHNSON,(319) 338-0581,Acute Care - Veterans Administration,Veterans Health Administration,Yes,5,
17005F,VA EASTERN KANSAS HEALTHCARE SYSTEM,2200 SW GAGE BOULEVARD,TOPEKA,KS,66622,SHAWNEE,(913) 682-2000,Acute Care - Veterans Administration,Veterans Health Administration,Yes,5,
17008F,WICHITA VA MEDICAL CENTER,5500 E. KELLOG,WICHITA,KS,67218,SEDGWICK,(316) 685-2221,Acute Care - Veterans Administration,Veterans Health Administration,Yes,5,
18006F,LOUISVILLE VA MEDICAL CENTER,800 ZORN AVENUE,LOUISVILLE,KY,40206,JEFFERSON,(502) 287-4000,Acute Care - Veterans Administration,Veterans Health Administration,Yes,4,
18007F,LEXINGTON VA MEDICAL CENTER,1101 VETERANS DRIVE,LEXINGTON,KY,40502,FAYETTE,(859) 233-4511,Acute Care - Veterans Administration,Veterans Health Administration,Yes,5,
19043F,ALEXANDRIA VA MEDICAL CENTER,2495 SHREVEPORT HIGHWAY 71 N,PINEVILLE,LA,71360,RAPIDES,(318) 473-0010,Acute Care - Veterans Administration,Veterans Health Administration,No,Not Available,16.0
19047F,SOUTHEAST LOUISIANA VETERANS HEALTH CARE SYSTEM,2400 CANAL STREET,NEW ORLEANS,LA,70119,ORLEANS,(800) 935-8387,Acute Care - Veterans Administration,Veterans Health Administration,Yes,2,
19048F,OVERTON BROOKS VA MEDICAL CENTER (SHREVEPORT),510 EAST STONER AVENUE,SHREVEPORT,LA,71101,CADDO,(318) 424-6037,Acute Care - Veterans Administration,Veterans Health Administration,Yes,1,
20003F,TOGUS VA MEDICAL CENTER,1 VA CENTER,AUGUSTA,ME,4330,KENNEBEC,(207) 623-8411,Acute Care - Veterans Administration,Veterans Health Administration,Yes,5,
21010F,VA MARYLAND HEALTHCARE SYSTEM - PERRY POINT,VA MEDICAL CENTER,PERRY POINT,MD,21902,CECIL,(410) 642-2411,Acute Care - Veterans Administration,Veterans Health Administration,No,Not Available,16.0
21020F,VA MARYLAND HEALTHCARE SYSTEM - BALTIMORE,10 NORTH GREENE STREET,BALTIMORE,MD,21201,BALTIMORE CITY,(410) 605-7016,Acute Care - Veterans Administration,Veterans Health Administration,Yes,3,
22001F,BEDFORD VA MEDICAL CENTER,200 SPRINGS ROAD,BEDFORD,MA,1730,MIDDLESEX,(781) 275-7500,Acute Care - Veterans Administration,Veterans Health Administration,No,Not Available,16.0
22009F,NORTHAMPTON VA MEDICAL CENTER,421 N MAIN ST,LEEDS,MA,1053,HAMPSHIRE,(413) 584-4040,Acute Care - Veterans Administration,Veterans Health Administration,No,Not Available,16.0
22010F,VA BOSTON HEALTHCARE SYSTEM - JAMAICA PLAIN,150 S. HUNTINGTON AVENUE,JAMAICA PLAIN,MA,2130,SUFFOLK,(617) 232-9500,Acute Care - Veterans Administration,Veterans Health Administration,Yes,4,
23005F,IRON MOUNTAIN MI VA MEDICAL CENTER,325 EAST H STREET,IRON MOUNTAIN,MI,49801,DICKINSON,(906) 774-3300,Acute Care - Veterans Administration,Veterans Health Administration,No,3,
23011F,VA ANN ARBOR HEALTHCARE SYSTEM,2215 FULLER ROAD,ANN ARBOR,MI,48105,WASHTENAW,(734) 769-7100,Acute Care - Veterans Administration,Veterans Health Administration,Yes,5,
23012F,BATTLE CREEK VA MEDICAL CENTER,5500 ARMSTRONG RD.,BATTLE CREEK,MI,49037,CALHOUN,(269) 966-5600,Acute Care - Veterans Administration,Veterans Health Administration,No,Not Available,16.0
23037F,DETROIT (JOHN D. DINGELL) VA MEDICAL CENTER,4646 JOHN R.,DETROIT,MI,48201,WAYNE,(313) 576-1000,Acute Care - Veterans Administration,Veterans Health Administration,Yes,3,
24002F,ST CLOUD VA MEDICAL CENTER,4801 VETERANS DRIVE,ST. CLOUD,MN,56303,STEARNS,(320) 252-1670,Acute Care - Veterans Administration,Veterans Health Administration,No,Not Available,16.0
24003F,MINNEAPOLIS VA MEDICAL CENTER,ONE VETERANS DRIVE,MINNEAPOLIS,MN,55417,HENNEPIN,(612) 725-2000,Acute Care - Veterans Administration,Veterans Health Administration,Yes,5,
25042F,VA GULF COAST HEALTHCARE SYSTEM,400 VETERANS AVENUE,BILOXI,MS,39531,HARRISON,(228) 523-5000,Acute Care - Veterans Administration,Veterans Health Administration,Yes,4,
25043F,G. V. (SONNY) MONTGOMERY VA MEDICAL CENTER (JACKSON),1500 E. WOODROW WILSON DRIVE,JACKSON,MS,39216,HINDS,(601) 362-4471,Acute Care - Veterans Administration,Veterans Health Administration,Yes,3,
26004F,KANSAS CITY VA MEDICAL CENTER,4801 LINWOOD BLVD.,KANSAS CITY,MO,64128,JACKSON,(816) 861-4700,Acute Care - Veterans Administration,Veterans Health Administration,Yes,5,
26007F,POPLAR BLUFF VA MEDICAL CENTER,1500 N. WESTWOOD BLVD.,POPLAR BLUFF,MO,63901,BUTLER,(573) 686-4151,Acute Care - Veterans Administration,Veterans Health Administration,No,5,
26009F,ST LOUIS-JOHN COCHRAN VA MEDICAL CENTER,915 NORTH GRAND,ST. LOUIS,MO,63106,ST. LOUIS,(314) 652-4100,Acute Care - Veterans Administration,Veterans Health Administration,Yes,5,
26023F,COLUMBIA MO VA MEDICAL CENTER,800 HOSPITAL DR,COLUMBIA,MO,65201,BOONE,(573) 814-6000,Acute Care - Veterans Administration,Veterans Health Administration,Yes,2,
27003F,VA MONTANA HEALTHCARE SYSTEM,3687 VETERANS DRIVE,FORT HARRISON,MT,59636,LEWIS AND CLARK,(406) 447-7900,Acute Care - Veterans Administration,Veterans Health Administration,Yes,4,
28006F,OMAHA VA MEDICAL CENTER (VA NEBRASKA WESTERN IOWA HEALTHCARE SYSTEM),4101 WOOLWORTH AVENUE,OMAHA,NE,68105,DOUGLAS,(402) 346-8800,Acute Care - Veterans Administration,Veterans Health Administration,Yes,5,
29002F,VA SIERRA NEVADA HEALTHCARE SYSTEM,975 KIRMAN AVENUE,RENO,NV,89502,WASHOE,(775) 328-1263,Acute Care - Veterans Administration,Veterans Health Administration,Yes,5,
29004F,VA SOUTHERN NEVADA HEALTHCARE SYSTEM,6900 NORTH PECOS ROAD,N. LAS VEGAS,NV,89086,CLARK,(702) 791-9024,Acute Care - Veterans Administration,Veterans Health Administration,Yes,4,
31001F,VA NEW JERSEY HEALTH CARE SYSTEM,385 TREMONT AVENUE,EAST ORANGE,NJ,7018,ESSEX,(973) 676-1000,Acute Care - Veterans Administration,Veterans Health Administration,Yes,1,
32005F,VA NEW MEXICO HEALTHCARE SYSTEM,1501 SAN PEDRO DRIVE SE,ALBUQUERQUE,NM,87108,BERNALILLO,(505) 256-2889,Acute Care - Veterans Administration,Veterans Health Administration,Yes,2,
33009F,ALBANY VA MEDICAL CENTER,113 HOLLAND AVENUE,ALBANY,NY,12208,ALBANY,(518) 626-5000,Acute Care - Veterans Administration,Veterans Health Administration,Yes,3,
33011F,BATH VA MEDICAL CENTER,76 VETERANS AVE.,BATH,NY,14810,STEUBEN,(607) 664-4000,Acute Care - Veterans Administration,Veterans Health Administration,No,Not Available,16.0
33012F,UPSTATE NEW YORK VA HEALTHCARE SYSTEM (WESTERN NY VA HEALTHCARE SYSTEM),3495 BAILEY AVENUE,BUFFALO,NY,14215,ERIE,(716) 862-3611,Acute Care - Veterans Administration,Veterans Health Administration,Yes,4,
33015F,VA HUDSON VALLEY HEALTHCARE SYSTEM,2094 ALBANY POST ROAD,MONTROSE,NY,10548,WESTCHESTER,(914) 737-4400,Acute Care - Veterans Administration,Veterans Health Administration,No,Not Available,16.0
33016F,BRONX VA MEDICAL CENTER,130 WEST KINGSBRIDGE ROAD,BRONX,NY,10468,BRONX,(718) 584-9000,Acute Care - Veterans Administration,Veterans Health Administration,Yes,2,
33017F,VA NEW YORK HARBOR HEALTHCARE SYSTEM - NY DIV.,423 EAST 23RD STREET,NEW YORK,NY,10010,NEW YORK,(212) 686-7500,Acute Care - Veterans Administration,Veterans Health Administration,Yes,1,
33019F,NORTHPORT VA MEDICAL CENTER,79 MIDDLEVILLE ROAD,NORTHPORT,NY,11768,SUFFOLK,(516) 261-4400,Acute Care - Veterans Administration,Veterans Health Administration,Yes,2,
33020F,VA NEW YORK HARBOR HEALTHCARE SYSTEM - BROOKLYN,800 POLY PLACE,BROOKLYN,NY,11209,KINGS,(718) 836-6600,Acute Care - Veterans Administration,Veterans Health Administration,Yes,2,
33024F,SYRACUSE VA MEDICAL CENTER,800 IRVING AVE.,SYRACUSE,NY,13210,ONONDAGA,(315) 425-4400,Acute Care - Veterans Administration,Veterans Health Administration,Yes,1,
34012F,DURHAM VA MEDICAL CENTER,508 FULTON STREET,DURHAM,NC,27705,DURHAM,(919) 286-0411,Acute Care - Veterans Administration,Veterans Health Administration,Yes,4,
34013F,FAYETTEVILLE NC VA MEDICAL CENTER,2300 RAMSEY STREET,FAYETTEVILLE,NC,28301,CUMBERLAND,(910) 488-2120,Acute Care - Veterans Administration,Veterans Health Administration,No,2,
34017F,W.G. (BILL) HEFNER SALISBURY VA MEDICAL CENTER (SALSBURY),1601 BRENNER AVENUE,SALISBURY,NC,28144,ROWAN,(704) 638-9000,Acute Care - Veterans Administration,Veterans Health Administration,Yes,5,
34036F,ASHEVILLE-OTEEN VA MEDICAL CENTER,1100 TUNNEL ROAD,ASHEVILLE,NC,28805,BUNCOMBE,(828) 298-7911,Acute Care - Veterans Administration,Veterans Health Administration,Yes,5,
35002F,FARGO VA MEDICAL CENTER,2101 ELM STREET,FARGO,ND,58102,CASS,(701) 232-3241,Acute Care - Veterans Administration,Veterans Health Administration,Yes,4,
36001F,LOUIS STOKES CLEVELAND VA MEDICAL CENTER,10701 EAST BLVD,CLEVELAND,OH,44106,CUYAHOGA,(216) 791-3800,Acute Care - Veterans Administration,Veterans Health Administration,Yes,5,
36003F,CINCINNATI VA MEDICAL CENTER,3200 VINE STREET,CINCINNATI,OH,45220,HAMILTON,(513) 861-3100,Acute Care - Veterans Administration,Veterans Health Administration,Yes,4,
36007F,DAYTON VA MEDICAL CENTER,4100 WEST THIRD STREET,DAYTON,OH,45428,MONTGOMERY,(937) 268-6511,Acute Care - Veterans Administration,Veterans Health Administration,Yes,3,
36008F,CHILLICOTHE VA MEDICAL CENTER,17273 STATE ROUTE 104,CHILLICOTHE,OH,45601,ROSS,(740) 773-1141,Acute Care - Veterans Administration,Veterans Health Administration,No,4,
37012F,MUSKOGEE VA MEDICAL CENTER,1011 HONOR HEIGHTS DRIVE,MUSKOGEE,OK,74401,MUSKOGEE,(918) 577-3000,Acute Care - Veterans Administration,Veterans Health Administration,Yes,5,
37014F,OKLAHOMA CITY VA MEDICAL CENTER,921 NE 13TH STREET,OKLAHOMA CITY,OK,73104,OKLAHOMA,(405) 270-0501,Acute Care - Veterans Administration,Veterans Health Administration,Yes,4,
38003F,PORTLAND VA MEDICAL CENTER,3710 SW US VETERANS HOSPITAL,PORTLAND,OR,97239,MULTNOMAH,(503) 220-8262,Acute Care - Veterans Administration,Veterans Health Administration,Yes,5,
38004F,VA ROSEBURG HEALTHCARE SYSTEM,913 NW GARDEN VALLEY BLVD.,ROSEBURG,OR,97471,DOUGLAS,(541) 440-1000,Acute Care - Veterans Administration,Veterans Health Administration,Yes,Not Available,16.0
39001F,JAMES E. VAN ZANDT VA MEDICAL CENTER (ALTOONA),2907 PLEASANT VALLEY BOULEVARD,ALTOONA,PA,16602,BLAIR,(814) 943-8164,Acute Care - Veterans Administration,Veterans Health Administration,No,3,
39004F,COATESVILLE VA MEDICAL CENTER,1400 BLACK HORSE HILL ROAD,COATESVILLE,PA,19320,CHESTER,(610) 384-7711,Acute Care - Veterans Administration,Veterans Health Administration,No,Not Available,16.0
39005F,ERIE VA MEDICAL CENTER,135 EAST 38TH STREET,ERIE,PA,16504,ERIE,(814) 860-2576,Acute Care - Veterans Administration,Veterans Health Administration,No,Not Available,16.0
39006F,LEBANON VA MEDICAL CENTER,1700 SOUTH LINCOLN AVENUE,LEBANON,PA,17042,LEBANON,(717) 228-5901,Acute Care - Veterans Administration,Veterans Health Administration,Yes,5,
39009F,PHILADELPHIA VA MEDICAL CENTER,3900 WOODLAND AVENUE,PHILADELPHIA,PA,19104,PHILADELPHIA,(215) 823-5857,Acute Care - Veterans Administration,Veterans Health Administration,Yes,4,
39012F,VA PITTSBURGH HEALTHCARE SYSTEM - UNIV DR,UNIVERSITY DRIVE,PITTSBURGH,PA,15240,ALLEGHENY,(412) 688-6100,Acute Care - Veterans Administration,Veterans Health Administration,Yes,1,
39013F,WILKES BARRE VA MEDICAL CENTER,1111 EAST END BOULEVARD,WILKES-BARRE,PA,18711,LUZERNE,(570) 824-3521,Acute Care - Veterans Administration,Veterans Health Administration,Yes,4,
40003F,SAN JUAN VA MEDICAL CENTER,10 CALLE CASIA,SAN JUAN,PR,921,SAN JUAN,(800) 449-8729,Acute Care - Veterans Administration,Veterans Health Administration,Yes,1,
41005F,PROVIDENCE VA MEDICAL CENTER,830 CHALKSTONE AVENUE,PROVIDENCE,RI,2908,PROVIDENCE,(401) 457-3042,Acute Care - Veterans Administration,Veterans Health Administration,Yes,1,
42011F,COLUMBIA SC VA MEDICAL CENTER,6439 GARNERS FERRY ROAD,COLUMBIA,SC,29209,RICHLAND,(803) 695-7980,Acute Care - Veterans Administration,Veterans Health Administration,Yes,4,
42029F,CHARLESTON VA MEDICAL CENTER,109 BEE STREET,CHARLESTON,SC,29401,CHARLESTON,(843) 577-5011,Acute Care - Veterans Administration,Veterans Health Administration,Yes,4,
43002F,VA BLACK HILLS HEALTHCARE SYSTEM,113 COMANCHE ROAD,FORT MEADE,SD,57741,MEADE,(605) 347-2511,Acute Care - Veterans Administration,Veterans Health Administration,Yes,3,
43005F,SIOUX FALLS VA MEDICAL CENTER,2501 WEST 22ND STREET,SIOUX FALLS,SD,57117,MINNEHAHA,(605) 336-3230,Acute Care - Veterans Administration,Veterans Health Administration,Yes,5,
44013F,MEMPHIS VA MEDICAL CENTER,1030 JEFFERSON AVENUE,MEMPHIS,TN,38104,SHELBY,(901) 577-7200,Acute Care - Veterans Administration,Veterans Health Administration,Yes,2,
44016F,MOUNTAIN HOME VA MEDICAL CENTER,CORNER OF LAMONT STREET AND VETERANS WAY,MOUNTAIN HOME,TN,37684,WASHINGTON,(423) 926-1171,Acute Care - Veterans Administration,Veterans Health Administration,Yes,4,
44017F,VA MIDDLE TENNESSEE HEALTHCARE SYSTEM - MURFREESBORO,3400 LEBANON PIKE,MURFREESBORO,TN,37129,RUTHERFORD,(615) 867-6000,Acute Care - Veterans Administration,Veterans Health Administration,No,Not Available,16.0
44018F,VA MIDDLE TENNESSEE HEALTHCARE SYSTEM,1310 24TH AVENUE SOUTH,NASHVILLE,TN,37212,DAVIDSON,(615) 327-5332,Acute Care - Veterans Administration,Veterans Health Administration,Yes,3,
45060F,VA AMARILLO HEALTHCARE SYSTEM,6010 AMARILLO BLVD. WEST,AMARILLO,TX,79106,POTTER,(806) 355-9703,Acute Care - Veterans Administration,Veterans Health Administration,Yes,4,
45066F,DALLAS VA MEDICAL CENTER (VA NORTH TEXAS HEALTHCARE SYSTEM),4500 S. LANCASTER ROAD,DALLAS,TX,75216,DALLAS,(214) 742-8387,Acute Care - Veterans Administration,Veterans Health Administration,Yes,3,
45074F,HOUSTON VA MEDICAL CENTER,2002 HOLCOMBE BLVD.,HOUSTON,TX,77030,HARRIS,(713) 794-7100,Acute Care - Veterans Administration,Veterans Health Administration,Yes,2,
45086F,TEMPLE VA MEDICAL CENTER (VA CENTRAL TEXAS HEALTHCARE SYSTEM),1901 VETERANS MEMORIAL DRIVE,TEMPLE,TX,76504,BELL,(254) 778-4811,Acute Care - Veterans Administration,Veterans Health Administration,Yes,5,
45090F,SAN ANTONIO VA MEDICAL CENTER (VA SOUTH TEXAS HEALTHCARE SYSTEM),7400 MERTON MINTER BLVD.,SAN ANTONIO,TX,78229,BEXAR,(210) 617-5300,Acute Care - Veterans Administration,Veterans Health Administration,Yes,3,
46002F,VA SALT LAKE CITY HEALTHCARE - GEORGE E. WAHLEN VA MEDICAL CENTER,500 FOOTHILL BLVD.,SALT LAKE CITY,UT,84148,SALT LAKE,(801) 584-1211,Acute Care - Veterans Administration,Veterans Health Administration,Yes,5,
47001F,WHITE RIVER JCT VA MEDICAL CENTER,163 VETERANS DRIVE,WHITE RIVER JUNCTION,VT,5009,WINDSOR,(802) 295-9363,Acute Care - Veterans Administration,Veterans Health Administration,Yes,5,
49006F,HAMPTON VA MEDICAL CENTER,100 EMANCIPATION DRIVE,HAMPTON,VA,23667,HAMPTON CITY,(757) 722-9961,Acute Care - Veterans Administration,Veterans Health Administration,Yes,4,
49010F,RICHMOND VA MEDICAL CENTER,1201 BROAD ROCK BOULEVARD,RICHMOND,VA,23249,RICHMOND CITY,(804) 675-5000,Acute Care - Veterans Administration,Veterans Health Administration,Yes,4,
49011F,SALEM VA MEDICAL CENTER,1970 ROANOKE BOULEVARD,SALEM,VA,24153,SALEM CITY,(540) 982-2463,Acute Care - Veterans Administration,Veterans Health Administration,Yes,5,
50011F,SPOKANE VA MEDICAL CENTER,4815 N. ASSEMBLY STREET,SPOKANE,WA,99205,SPOKANE,(509) 434-7000,Acute Care - Veterans Administration,Veterans Health Administration,Yes,5,
50030F,SEATTLE VA MEDICAL CENTER (VA PUGET SOUND HEALTHCARE SYSTEM),1660 S. COLUMBIAN WAY,SEATTLE,WA,98108,KING,(206) 764-2299,Acute Care - Veterans Administration,Veterans Health Administration,Yes,4,
51002F,BECKLEY VA MEDICAL CENTER,200 VETERANS AVENUE,BECKLEY,WV,25801,RALEIGH,(304) 255-2121,Acute Care - Veterans Administration,Veterans Health Administration,Yes,5,
51003F,CLARKSBURG VA MEDICAL CENTER,1 MEDICAL CENTER DRIVE,CLARKSBURG,WV,26301,HARRISON,(304) 623-3461,Acute Care - Veterans Administration,Veterans Health Administration,Yes,4,
51004F,HUNTINGTON VA MEDICAL CENTER,1540 SPRING VALLEY ROAD,HUNTINGTON,WV,25704,WAYNE,(304) 429-0241,Acute Care - Veterans Administration,Veterans Health Administration,Yes,5,
51005F,MARTINSBURG VA MEDICAL CENTER,510 BUTLER AVE.,MARTINSBURG,WV,25405,BERKELEY,(304) 263-0811,Acute Care - Veterans Administration,Veterans Health Administration,Yes,5,
52002F,TOMAH VA MEDICAL CENTER,500 EAST VETERANS STREET,TOMAH,WI,54660,MONROE,(608) 372-3971,Acute Care - Veterans Administration,Veterans Health Administration,No,Not Available,16.0
52003F,MILWAUKEE VA MEDICAL CENTER,5000 W. NATIONAL AVENUE,MILWAUKEE,WI,53295,MILWAUKEE,(414) 384-2000,Acute Care - Veterans Administration,Veterans Health Administration,Yes,3,
52004F,MADISON VA MEDICAL CENTER,2500 OVERLOOK TERRACE,MADISON,WI,53705,DANE,(608) 256-1901,Acute Care - Veterans Administration,Veterans Health Administration,Yes,4,
53004F,CHEYENNE VA MEDICAL CENTER,2360 E. PERSHING BLVD.,CHEYENNE,WY,82001,LARAMIE,(307) 778-7300,Acute Care - Veterans Administration,Veterans Health Administration,Yes,5,
53005F,SHERIDAN VA MEDICAL CENTER,1898 FORT ROAD,SHERIDAN,WY,82801,SHERIDAN,(307) 672-1675,Acute Care - Veterans Administration,Veterans Health Administration,No,Not Available,16.0
