measure_id,measure_name,score,footnote,start_date,end_date
HAI_1_SIR,Central Line Associated Bloodstream Infection (ICU + select Wards),1,,01/01/2023,12/31/2023
HAI_2_SIR,Catheter Associated Urinary Tract Infections (ICU + select Wards),1,,01/01/2023,12/31/2023
HAI_3_SIR,SSI - Colon Surgery,1,,01/01/2023,12/31/2023
HAI_4_SIR,SSI - Abdominal Hysterectomy,1,,01/01/2023,12/31/2023
HAI_5_SIR,MRSA Bacteremia,1,,01/01/2023,12/31/2023
HAI_6_SIR,Clostridium Difficile (C.Diff),1,,01/01/2023,12/31/2023
